-- Data for table users
INSERT INTO users (id, firstName, lastName, email, mobile, password, registerForProfile, acceptTerms, createdAt, updatedAt) VALUES (1, 'Raj', 'Patel', 'raj.patel@gmail.com', '9876543210', '$2a$10$hashedpassword1', 0, 0, '2026-01-07 11:47:54', '2026-01-07 11:47:54');
INSERT INTO users (id, firstName, lastName, email, mobile, password, registerForProfile, acceptTerms, createdAt, updatedAt) VALUES (2, 'Amit', 'Shah', 'amit.shah@gmail.com', '9876543211', '$2a$10$hashedpassword2', 0, 0, '2026-01-07 11:47:54', '2026-01-07 11:47:54');
INSERT INTO users (id, firstName, lastName, email, mobile, password, registerForProfile, acceptTerms, createdAt, updatedAt) VALUES (3, 'Priya', 'Sharma', 'priya.sharma@gmail.com', '9876543212', '$2a$10$hashedpassword3', 0, 0, '2026-01-07 11:47:54', '2026-01-07 11:47:54');
INSERT INTO users (id, firstName, lastName, email, mobile, password, registerForProfile, acceptTerms, createdAt, updatedAt) VALUES (4, 'Vikash', 'Kumar', 'vikash.kumar@gmail.com', '9876543213', '$2a$10$hashedpassword4', 0, 0, '2026-01-07 11:47:54', '2026-01-07 11:47:54');
INSERT INTO users (id, firstName, lastName, email, mobile, password, registerForProfile, acceptTerms, createdAt, updatedAt) VALUES (5, 'Neha', 'Gupta', 'neha.gupta@gmail.com', '9876543214', '$2a$10$hashedpassword5', 0, 0, '2026-01-07 11:47:54', '2026-01-07 11:47:54');
INSERT INTO users (id, firstName, lastName, email, mobile, password, registerForProfile, acceptTerms, createdAt, updatedAt) VALUES (6, 'User1', 'LastName1', 'user1@example.com', '9000000001', 'password123', 1, 1, '2026-01-07 11:56:02', '2026-01-07 11:56:02');
INSERT INTO users (id, firstName, lastName, email, mobile, password, registerForProfile, acceptTerms, createdAt, updatedAt) VALUES (7, 'User2', 'LastName2', 'user2@example.com', '9000000002', 'password123', 1, 1, '2026-01-07 11:56:02', '2026-01-07 11:56:02');
INSERT INTO users (id, firstName, lastName, email, mobile, password, registerForProfile, acceptTerms, createdAt, updatedAt) VALUES (8, 'User3', 'LastName3', 'user3@example.com', '9000000003', 'password123', 1, 1, '2026-01-07 11:56:02', '2026-01-07 11:56:02');
INSERT INTO users (id, firstName, lastName, email, mobile, password, registerForProfile, acceptTerms, createdAt, updatedAt) VALUES (9, 'User4', 'LastName4', 'user4@example.com', '9000000004', 'password123', 1, 1, '2026-01-07 11:56:02', '2026-01-07 11:56:02');
INSERT INTO users (id, firstName, lastName, email, mobile, password, registerForProfile, acceptTerms, createdAt, updatedAt) VALUES (10, 'User5', 'LastName5', 'user5@example.com', '9000000005', 'password123', 1, 1, '2026-01-07 11:56:02', '2026-01-07 11:56:02');
INSERT INTO users (id, firstName, lastName, email, mobile, password, registerForProfile, acceptTerms, createdAt, updatedAt) VALUES (11, 'Tarika', 'Lalwani', 'ttarikarlalwani@gmail.com', '9712618161', '$2b$10$2th3tclfCMtWUBCjDHRZxOxBQGR0l6mhSakatyagshfaNVwn/fm8m', 0, 1, '2026-01-09 11:08:47', '2026-01-09 11:08:47');
INSERT INTO users (id, firstName, lastName, email, mobile, password, registerForProfile, acceptTerms, createdAt, updatedAt) VALUES (12, 'Parag', 'Raval', 'parag@zerodesigns.in', '9898776655', '$2b$10$FY641aMWibQE38bKccWUJ.gtaRDUrJv9Qt/1KXOr.5VLpfUGGcQjm', 1, 1, '2026-01-09 11:54:18', '2026-01-09 11:54:18');

-- Data for table admins
INSERT INTO admins (id, firstName, lastName, email, mobile, password, isMainAdmin, role, status, approvedBy, approvedAt, createdAt, updatedAt) VALUES (1, 'Super', 'Admin', 'super@gmail.com', '5050505050', '$2b$10$cQVCngyBHpGSS1ijXRgnKODX.PBXZVWXYRG3z7lZKKHgZiBoKsfQe', 1, 'super-admin', 'approved', NULL, NULL, '2026-01-07 11:33:53', '2026-01-07 11:33:53');

-- Data for table profiles
INSERT INTO profiles (id, userId, profileFor, maritalStatus, noOfChildren, firstName, fatherName, surname, gender, dateOfBirth, timeOfBirth, birthPlace, height, weight, physicalDisability, glasses, mangal, expectation, educationQualification, educationDetails, jobType, jobDescription, designation, currentLocation, incomeCurrency, monthlyIncome, fatherFullName, motherFullName, fatherOccupation, motherOccupation, totalFamilyMembers, totalBrothers, totalSisters, marriedBrothers, marriedSisters, familyType, familyValues, familyLocation, nativePlace, familyWealth, contactPersonName, contactPersonRelation, contactPersonNumber, contactPersonEmail, contactPersonAddress, profilePhoto, status, approvedBy, approvedAt, createdAt, updatedAt) VALUES (1, 6, 'Self', 'Single', '0', 'Profile1', 'Father1', 'Surname1', 'Male', '1994-12-31 18:30:00', '10:00 AM', 'City1', '5.8', '70kg', 'None', 'No', 'No', 'Looking for suitable match', 'Graduate', 'Computer Science', 'Private Job', 'Software Engineer', 'Senior Developer', 'Location1', 'INR', '50000', 'Father Full Name 1', 'Mother Full Name 1', 'Business', 'Housewife', '4', '1', '1', '0', '0', 'Nuclear', 'Traditional', 'Family Location 1', 'Native Place 1', 'Middle Class', 'Contact Person 1', 'Father', '9000001000', 'contact1@example.com', 'Address Line 1', NULL, 'approved', NULL, '2026-01-07 11:56:02', '2026-01-07 11:56:02', '2026-01-07 11:56:02');
INSERT INTO profiles (id, userId, profileFor, maritalStatus, noOfChildren, firstName, fatherName, surname, gender, dateOfBirth, timeOfBirth, birthPlace, height, weight, physicalDisability, glasses, mangal, expectation, educationQualification, educationDetails, jobType, jobDescription, designation, currentLocation, incomeCurrency, monthlyIncome, fatherFullName, motherFullName, fatherOccupation, motherOccupation, totalFamilyMembers, totalBrothers, totalSisters, marriedBrothers, marriedSisters, familyType, familyValues, familyLocation, nativePlace, familyWealth, contactPersonName, contactPersonRelation, contactPersonNumber, contactPersonEmail, contactPersonAddress, profilePhoto, status, approvedBy, approvedAt, createdAt, updatedAt) VALUES (2, 7, 'Self', 'Single', '0', 'Profile2', 'Father2', 'Surname2', 'Female', '1994-12-31 18:30:00', '10:00 AM', 'City2', '5.8', '70kg', 'None', 'No', 'No', 'Looking for suitable match', 'Graduate', 'Computer Science', 'Private Job', 'Software Engineer', 'Senior Developer', 'Location2', 'INR', '50000', 'Father Full Name 2', 'Mother Full Name 2', 'Business', 'Housewife', '4', '1', '1', '0', '0', 'Nuclear', 'Traditional', 'Family Location 2', 'Native Place 2', 'Middle Class', 'Contact Person 2', 'Father', '9000001001', 'contact2@example.com', 'Address Line 2', NULL, 'approved', NULL, '2026-01-07 11:56:02', '2026-01-07 11:56:02', '2026-01-07 11:56:02');
INSERT INTO profiles (id, userId, profileFor, maritalStatus, noOfChildren, firstName, fatherName, surname, gender, dateOfBirth, timeOfBirth, birthPlace, height, weight, physicalDisability, glasses, mangal, expectation, educationQualification, educationDetails, jobType, jobDescription, designation, currentLocation, incomeCurrency, monthlyIncome, fatherFullName, motherFullName, fatherOccupation, motherOccupation, totalFamilyMembers, totalBrothers, totalSisters, marriedBrothers, marriedSisters, familyType, familyValues, familyLocation, nativePlace, familyWealth, contactPersonName, contactPersonRelation, contactPersonNumber, contactPersonEmail, contactPersonAddress, profilePhoto, status, approvedBy, approvedAt, createdAt, updatedAt) VALUES (3, 8, 'Self', 'Single', '0', 'Profile3', 'Father3', 'Surname3', 'Male', '1994-12-31 18:30:00', '10:00 AM', 'City3', '5.8', '70kg', 'None', 'No', 'No', 'Looking for suitable match', 'Graduate', 'Computer Science', 'Private Job', 'Software Engineer', 'Senior Developer', 'Location3', 'INR', '50000', 'Father Full Name 3', 'Mother Full Name 3', 'Business', 'Housewife', '4', '1', '1', '0', '0', 'Nuclear', 'Traditional', 'Family Location 3', 'Native Place 3', 'Middle Class', 'Contact Person 3', 'Father', '9000001002', 'contact3@example.com', 'Address Line 3', NULL, 'approved', NULL, '2026-01-07 11:56:02', '2026-01-07 11:56:02', '2026-01-07 11:56:02');
INSERT INTO profiles (id, userId, profileFor, maritalStatus, noOfChildren, firstName, fatherName, surname, gender, dateOfBirth, timeOfBirth, birthPlace, height, weight, physicalDisability, glasses, mangal, expectation, educationQualification, educationDetails, jobType, jobDescription, designation, currentLocation, incomeCurrency, monthlyIncome, fatherFullName, motherFullName, fatherOccupation, motherOccupation, totalFamilyMembers, totalBrothers, totalSisters, marriedBrothers, marriedSisters, familyType, familyValues, familyLocation, nativePlace, familyWealth, contactPersonName, contactPersonRelation, contactPersonNumber, contactPersonEmail, contactPersonAddress, profilePhoto, status, approvedBy, approvedAt, createdAt, updatedAt) VALUES (4, 9, 'Self', 'Single', '0', 'Profile4', 'Father4', 'Surname4', 'Female', '1994-12-31 18:30:00', '10:00 AM', 'City4', '5.8', '70kg', 'None', 'No', 'No', 'Looking for suitable match', 'Graduate', 'Computer Science', 'Private Job', 'Software Engineer', 'Senior Developer', 'Location4', 'INR', '50000', 'Father Full Name 4', 'Mother Full Name 4', 'Business', 'Housewife', '4', '1', '1', '0', '0', 'Nuclear', 'Traditional', 'Family Location 4', 'Native Place 4', 'Middle Class', 'Contact Person 4', 'Father', '9000001003', 'contact4@example.com', 'Address Line 4', NULL, 'approved', NULL, '2026-01-07 11:56:02', '2026-01-07 11:56:02', '2026-01-07 11:56:02');
INSERT INTO profiles (id, userId, profileFor, maritalStatus, noOfChildren, firstName, fatherName, surname, gender, dateOfBirth, timeOfBirth, birthPlace, height, weight, physicalDisability, glasses, mangal, expectation, educationQualification, educationDetails, jobType, jobDescription, designation, currentLocation, incomeCurrency, monthlyIncome, fatherFullName, motherFullName, fatherOccupation, motherOccupation, totalFamilyMembers, totalBrothers, totalSisters, marriedBrothers, marriedSisters, familyType, familyValues, familyLocation, nativePlace, familyWealth, contactPersonName, contactPersonRelation, contactPersonNumber, contactPersonEmail, contactPersonAddress, profilePhoto, status, approvedBy, approvedAt, createdAt, updatedAt) VALUES (5, 10, 'Self', 'Single', '0', 'Profile5', 'Father5', 'Surname5', 'Male', '1994-12-31 18:30:00', '10:00 AM', 'City5', '5.8', '70kg', 'None', 'No', 'No', 'Looking for suitable match', 'Graduate', 'Computer Science', 'Private Job', 'Software Engineer', 'Senior Developer', 'Location5', 'INR', '50000', 'Father Full Name 5', 'Mother Full Name 5', 'Business', 'Housewife', '4', '1', '1', '0', '0', 'Nuclear', 'Traditional', 'Family Location 5', 'Native Place 5', 'Middle Class', 'Contact Person 5', 'Father', '9000001004', 'contact5@example.com', 'Address Line 5', NULL, 'approved', NULL, '2026-01-07 11:56:02', '2026-01-07 11:56:02', '2026-01-07 11:56:02');

-- Data for table businesses
INSERT INTO businesses (id, userId, businessName, ownerName, email, contactNumber, address, posterPhoto, status, approvedBy, approvedAt, createdAt, updatedAt, category, businessType, description, website, city, state) VALUES (1, 1, 'Patel Electronics', 'Raj Patel', 'raj.patel@gmail.com', '9876543210', '123 Main Street, Mumbai', 'business1.jpg', 'rejected', 1, NULL, '2026-01-07 11:47:54', '2026-01-09 11:49:03', NULL, NULL, NULL, NULL, NULL, NULL);
INSERT INTO businesses (id, userId, businessName, ownerName, email, contactNumber, address, posterPhoto, status, approvedBy, approvedAt, createdAt, updatedAt, category, businessType, description, website, city, state) VALUES (2, 2, 'Shah Textiles', 'Amit Shah', 'amit.shah@gmail.com', '9876543211', '456 Market Road, Delhi', 'business2.jpg', 'approved', 1, '2026-01-07 11:48:58', '2026-01-07 11:47:54', '2026-01-07 11:48:58', NULL, NULL, NULL, NULL, NULL, NULL);
INSERT INTO businesses (id, userId, businessName, ownerName, email, contactNumber, address, posterPhoto, status, approvedBy, approvedAt, createdAt, updatedAt, category, businessType, description, website, city, state) VALUES (3, 3, 'Sharma Sweets', 'Priya Sharma', 'priya.sharma@gmail.com', '9876543212', '789 Sweet Lane, Pune', 'business3.jpg', 'approved', 1, '2026-01-07 11:48:58', '2026-01-07 11:47:54', '2026-01-07 11:48:58', NULL, NULL, NULL, NULL, NULL, NULL);
INSERT INTO businesses (id, userId, businessName, ownerName, email, contactNumber, address, posterPhoto, status, approvedBy, approvedAt, createdAt, updatedAt, category, businessType, description, website, city, state) VALUES (4, 4, 'Kumar Motors', 'Vikash Kumar', 'vikash.kumar@gmail.com', '9876543213', '321 Auto Street, Bangalore', 'business4.jpg', 'approved', 1, '2026-01-07 11:48:58', '2026-01-07 11:47:54', '2026-01-07 11:48:58', NULL, NULL, NULL, NULL, NULL, NULL);
INSERT INTO businesses (id, userId, businessName, ownerName, email, contactNumber, address, posterPhoto, status, approvedBy, approvedAt, createdAt, updatedAt, category, businessType, description, website, city, state) VALUES (5, 5, 'Gupta Jewellers', 'Neha Gupta', 'neha.gupta@gmail.com', '9876543214', '654 Gold Market, Jaipur', 'business5.jpg', 'approved', 1, '2026-01-07 11:48:58', '2026-01-07 11:47:54', '2026-01-07 11:48:58', NULL, NULL, NULL, NULL, NULL, NULL);
INSERT INTO businesses (id, userId, businessName, ownerName, email, contactNumber, address, posterPhoto, status, approvedBy, approvedAt, createdAt, updatedAt, category, businessType, description, website, city, state) VALUES (6, 11, 'Adler Talent Solutions Pvt. Ltd.', 'Raj', 'tarikapanjwani@gmail.com', '09712618161', 'Block A, 1303-1304, 13th Floor, Prahladnagar Trade Centre (PNTC), B/H Titanium City Centre Times Of India Road, Prahaladnagar', 'Taxi_1767958538950.png', 'approved', 1, '2026-01-09 11:48:59', '2026-01-09 11:35:38', '2026-01-09 11:48:59', 'Service', 'Private', 'adasdasd', 'www.adlertalent.com', 'Ahmedabad', 'Gujarat');
INSERT INTO businesses (id, userId, businessName, ownerName, email, contactNumber, address, posterPhoto, status, approvedBy, approvedAt, createdAt, updatedAt, category, businessType, description, website, city, state) VALUES (7, 12, 'Zero', 'Hiren', 'hiren@zerodesigns.in', '9898776655', 'Block A, 1303-1304, 13th Floor, Prahladnagar Trade Centre (PNTC), B/H Titanium City Centre Times Of India Road, Prahaladnagar', 'trips-icon_1767959735924.png', 'approved', 1, '2026-01-09 11:55:54', '2026-01-09 11:55:35', '2026-01-09 11:55:54', 'Service', 'private', '', '', 'Ahmedabad', 'Gujarat');

-- Data for table business_requests
INSERT INTO business_requests (id, businessId, userId, status, approvedBy, approvedAt, rejectionReason, createdAt, updatedAt) VALUES (1, 1, 1, 'approved', 1, '2026-01-07 11:49:03', NULL, '2026-01-07 11:47:54', '2026-01-07 11:49:03');
INSERT INTO business_requests (id, businessId, userId, status, approvedBy, approvedAt, rejectionReason, createdAt, updatedAt) VALUES (2, 2, 2, 'approved', 1, '2026-01-07 11:49:03', NULL, '2026-01-07 11:47:55', '2026-01-07 11:49:03');
INSERT INTO business_requests (id, businessId, userId, status, approvedBy, approvedAt, rejectionReason, createdAt, updatedAt) VALUES (3, 3, 3, 'approved', 1, '2026-01-07 11:49:03', NULL, '2026-01-07 11:47:55', '2026-01-07 11:49:03');
INSERT INTO business_requests (id, businessId, userId, status, approvedBy, approvedAt, rejectionReason, createdAt, updatedAt) VALUES (4, 4, 4, 'approved', 1, '2026-01-07 11:49:03', NULL, '2026-01-07 11:47:55', '2026-01-07 11:49:03');
INSERT INTO business_requests (id, businessId, userId, status, approvedBy, approvedAt, rejectionReason, createdAt, updatedAt) VALUES (5, 5, 5, 'approved', 1, '2026-01-07 11:49:03', NULL, '2026-01-07 11:47:55', '2026-01-07 11:49:03');

